id,name,registration_date,email
1,Christina Crosby,2024-11-07,casey46@example.org
2,Frank Hansen,2024-06-12,tracy06@example.com
3,Charles Turner,2024-08-15,arobles@example.org
4,Oscar Wilson,2024-03-11,garzajodi@example.com
5,Peter Snyder,2023-12-24,ihernandez@example.com
6,Jennifer Moore,2024-02-03,watkinsdavid@example.net
7,Jacqueline Brown,2024-04-28,rryan@example.com
8,Thomas Hernandez,2024-08-23,david56@example.com
9,Caitlin Harper,2024-11-02,jason98@example.net
10,Stephen Williams,2024-09-07,harringtondarrell@example.org
11,Kristina Mitchell,2024-01-12,timothyfreeman@example.net
12,Melinda Thomas,2024-07-23,savannah15@example.com
13,Jerry Petty,2024-01-26,cmartinez@example.com
14,Michelle Thompson,2023-12-29,yfritz@example.org
15,Robert Collins,2024-10-02,alexisstewart@example.com
16,Tammy Lamb,2024-08-05,ysutton@example.org
17,Robert Mcgee,2024-11-12,derekgonzalez@example.com
18,Richard Gardner,2024-06-28,melanie01@example.net
19,Rebecca Brooks,2024-05-18,terickson@example.com
20,Michael Gonzalez,2024-05-18,craig00@example.org
21,Carrie Harris,2024-04-07,fergusonchristine@example.net
22,Jose Johnson,2024-06-30,bcross@example.net
23,Anna Johnson,2023-12-28,leejacqueline@example.net
24,Kelsey Lopez,2024-10-31,porterronald@example.org
25,Amy Owens,2024-07-22,ronald05@example.com
26,Sandra Williams,2024-08-12,benjamin28@example.net
27,Jason Rodgers,2024-01-03,jeremy18@example.org
28,Alexandra Gentry,2024-01-14,brittneywashington@example.com
29,Keith Dougherty,2023-12-12,qgarrett@example.org
30,Jennifer Carr,2024-03-25,qcaldwell@example.com
31,Susan Park,2024-02-28,boonedonald@example.com
32,Mrs. Stephanie Ballard,2024-03-16,jennifer34@example.com
33,Robert Cole,2023-12-26,asimpson@example.net
34,Elizabeth Nicholson,2024-11-08,davischristopher@example.net
35,Paige Peters,2024-03-08,apacheco@example.com
36,Michele Adams,2024-10-08,susanwatson@example.com
37,Steve Wilcox,2024-05-12,james78@example.net
38,Jason Adams,2024-01-23,danielharvey@example.com
39,Luis Smith,2024-09-02,matthewcox@example.org
40,Daniel Johnson,2024-07-23,johnnunez@example.com
41,Andrea Gonzalez,2024-07-07,kimmonica@example.org
42,Brittany Fields,2024-09-17,molinamelissa@example.com
43,Charles Lawrence,2024-01-29,aaron49@example.org
44,Dean Webb,2024-08-27,matthewneal@example.net
45,Matthew Owens,2024-10-10,glen03@example.com
46,Sandra Wells,2024-09-22,connorgoodman@example.com
47,Christy Powers,2023-12-15,hnolan@example.org
48,Dean Ruiz,2024-02-24,lopezamanda@example.org
49,Chelsea Jones,2024-02-16,hoamy@example.net
50,Heather Evans,2024-10-10,lmitchell@example.org
51,Robert Love,2024-08-24,josephgary@example.com
52,Michael Valenzuela,2024-11-06,cynthia41@example.net
53,Stacy Sharp,2024-07-21,bhoward@example.net
54,Nathan Ramsey,2024-09-24,samantha38@example.net
55,Anthony Mendoza,2024-09-28,leeguzman@example.com
56,Michelle Garrett,2024-03-23,fisherlaura@example.com
57,Amber Ford,2024-02-16,jenniferweaver@example.net
58,Robert Patrick,2024-07-08,zhenderson@example.org
59,Kelli Guerrero,2024-01-29,martinrichard@example.org
60,Darlene Erickson,2024-05-21,matthewscindy@example.net
61,Brandon Kaufman,2024-11-14,brandonthomas@example.net
62,Abigail James,2024-01-31,vfrench@example.net
63,Jesse Mora,2024-04-18,linda57@example.net
64,David Montoya,2024-04-27,troy99@example.org
65,Linda Brown,2024-06-07,greendana@example.net
66,Erin Blackwell,2024-11-06,fwilson@example.org
67,Matthew Tanner,2023-12-04,jacoblambert@example.net
68,Anthony Smith,2024-08-06,molly72@example.org
69,Aaron Sullivan,2024-09-13,lisa93@example.net
70,Raven Butler,2024-08-26,braunlucas@example.com
71,Felicia Walters,2024-11-30,michael03@example.net
72,Tiffany Thomas,2024-06-21,davidcruz@example.com
73,Dr. Joseph Morales,2024-05-13,melissa10@example.org
74,Brian May,2024-05-07,brennansamantha@example.org
75,Pamela Sloan MD,2024-02-23,mooneyelizabeth@example.net
76,Adam Campbell,2024-12-01,gregoryperkins@example.org
77,Daniel Warner,2024-08-22,cindybryant@example.com
78,Eric Garcia,2024-08-20,taylorjade@example.org
79,Felicia Smith,2024-04-27,mitchellalicia@example.com
80,Richard Taylor,2024-09-11,gbishop@example.com
81,Amy Haynes,2024-07-20,bennettjonathan@example.com
82,Sarah Barrera,2024-09-15,snyderangela@example.com
83,Cynthia Graham PhD,2024-05-02,jeremyyoung@example.com
84,Patrick Jones,2024-10-06,plucas@example.net
85,Justin Wright,2023-12-18,nherring@example.net
86,Jerry Parker,2024-06-06,csolis@example.net
87,Marcus Cook,2024-02-06,tinalewis@example.com
88,Mary Blair,2024-04-25,starkrichard@example.org
89,Jonathan Boyer,2024-08-03,jacksonderek@example.net
90,Stephen Vincent,2024-01-05,kshaw@example.net
91,Angel Molina,2024-08-27,micheleevans@example.net
92,Douglas Powell,2024-05-29,paulmichael@example.com
93,Jeffrey Oneill,2024-01-11,mbruce@example.net
94,Edward Li,2024-10-29,shannonthompson@example.org
95,Katherine Wallace,2024-09-24,ryan15@example.org
96,Hayley Cole,2023-12-17,denise27@example.org
97,Lisa Martin,2024-03-23,hrobles@example.net
98,Sherri Boone,2024-06-19,steven10@example.org
99,Jacob Reed,2024-11-08,mjohnson@example.com
100,Kathleen Thomas,2024-08-17,zmorris@example.net
